YEAR,MO,DY,WS50M
2015,8,1,4.06
2015,8,2,2.83
2015,8,3,1.1
2015,8,4,1.13
2015,8,5,3.34
2015,8,6,9.0
2015,8,7,16.15
2015,8,8,33.44
2015,8,9,17.25
2015,8,10,10.16
2015,8,11,8.89
2015,8,12,8.67
2015,8,13,9.49
2015,8,14,10.59
2015,8,15,10.03
2015,8,16,11.0
2015,8,17,8.05
2015,8,18,4.49
2015,8,19,6.04
2015,8,20,10.87
2015,8,21,14.23
2015,8,22,15.88
2015,8,23,13.18
2015,8,24,5.25
2015,8,25,4.36
2015,8,26,1.84
2015,8,27,6.99
2015,8,28,9.21
2015,8,29,10.58
2015,8,30,5.12
2015,8,31,5.69
2015,9,1,3.55
2015,9,2,5.25
2015,9,3,2.75
2015,9,4,3.06
2015,9,5,8.27
2015,9,6,8.68
2015,9,7,10.63
2015,9,8,11.27
2015,9,9,11.02
2015,9,10,10.21
2015,9,11,8.06
2015,9,12,8.89
2015,9,13,14.66
2015,9,14,13.45
2015,9,15,9.72
2015,9,16,9.28
2015,9,17,10.23
2015,9,18,8.43
2015,9,19,7.79
2015,9,20,5.19
2015,9,21,3.67
2015,9,22,2.95
2015,9,23,4.02
2015,9,24,3.85
2015,9,25,6.38
2015,9,26,11.19
2015,9,27,14.09
2015,9,28,23.02
2015,9,29,19.42
2015,9,30,1.68
2015,10,1,4.96
2015,10,2,12.37
2015,10,3,10.04
2015,10,4,7.94
2015,10,5,9.56
2015,10,6,11.05
2015,10,7,6.85
2015,10,8,2.64
2015,10,9,12.37
2015,10,10,10.2
2015,10,11,12.67
2015,10,12,14.09
2015,10,13,14.28
2015,10,14,12.64
2015,10,15,13.11
2015,10,16,15.12
2015,10,17,16.25
2015,10,18,17.01
2015,10,19,16.82
2015,10,20,16.4
2015,10,21,16.14
2015,10,22,14.95
2015,10,23,13.59
2015,10,24,12.01
2015,10,25,12.92
2015,10,26,7.18
2015,10,27,2.46
2015,10,28,9.99
2015,10,29,5.58
2015,10,30,8.77
2015,10,31,15.08
2015,11,1,11.84
2015,11,2,14.32
2015,11,3,14.82
2015,11,4,13.05
2015,11,5,8.76
2015,11,6,6.71
2015,11,7,2.35
2015,11,8,1.73
2015,11,9,10.62
2015,11,10,15.56
2015,11,11,13.88
2015,11,12,12.03
2015,11,13,5.3
2015,11,14,8.03
2015,11,15,11.25
2015,11,16,5.22
2015,11,17,1.42
2015,11,18,4.81
2015,11,19,9.91
2015,11,20,11.72
2015,11,21,12.05
2015,11,22,11.92
2015,11,23,13.48
2015,11,24,13.66
2015,11,25,13.09
2015,11,26,15.17
2015,11,27,14.64
2015,11,28,10.58
2015,11,29,8.79
2015,11,30,10.93
2015,12,1,9.26
2015,12,2,5.59
2015,12,3,15.11
2015,12,4,15.25
2015,12,5,12.5
2015,12,6,14.59
2015,12,7,15.61
2015,12,8,16.18
2015,12,9,11.16
2015,12,10,6.39
2015,12,11,12.19
2015,12,12,12.32
2015,12,13,10.98
2015,12,14,13.19
2015,12,15,15.08
2015,12,16,15.53
2015,12,17,16.61
2015,12,18,15.2
2015,12,19,14.7
2015,12,20,9.84
2015,12,21,10.43
2015,12,22,9.16
2015,12,23,3.55
2015,12,24,6.97
2015,12,25,12.86
2015,12,26,10.05
2015,12,27,11.44
2015,12,28,16.04
2015,12,29,14.38
2015,12,30,13.31
2015,12,31,15.97
2016,1,1,13.49
2016,1,2,6.48
2016,1,3,4.01
2016,1,4,4.12
2016,1,5,5.97
2016,1,6,12.71
2016,1,7,13.36
2016,1,8,12.07
2016,1,9,11.94
2016,1,10,10.05
2016,1,11,10.89
2016,1,12,13.44
2016,1,13,12.32
2016,1,14,10.12
2016,1,15,8.73
2016,1,16,9.86
2016,1,17,6.5
2016,1,18,13.08
2016,1,19,14.18
2016,1,20,13.08
2016,1,21,11.78
2016,1,22,13.29
2016,1,23,17.69
2016,1,24,12.71
2016,1,25,12.94
2016,1,26,10.9
2016,1,27,9.85
2016,1,28,4.98
2016,1,29,6.68
2016,1,30,13.19
2016,1,31,15.05
2016,2,1,17.49
2016,2,2,15.76
2016,2,3,13.11
2016,2,4,12.53
2016,2,5,14.61
2016,2,6,14.34
2016,2,7,8.2
2016,2,8,5.03
2016,2,9,6.02
2016,2,10,4.35
2016,2,11,3.05
2016,2,12,4.42
2016,2,13,9.14
2016,2,14,13.05
2016,2,15,14.71
2016,2,16,12.0
2016,2,17,12.58
2016,2,18,11.33
2016,2,19,9.02
2016,2,20,13.44
2016,2,21,14.52
2016,2,22,6.7
2016,2,23,14.84
2016,2,24,17.94
2016,2,25,17.07
2016,2,26,13.21
2016,2,27,9.4
2016,2,28,8.79
2016,2,29,14.69
2016,3,1,13.66
2016,3,2,9.46
2016,3,3,3.33
2016,3,4,3.74
2016,3,5,4.56
2016,3,6,4.78
2016,3,7,6.1
2016,3,8,4.35
2016,3,9,12.71
2016,3,10,16.43
2016,3,11,13.86
2016,3,12,10.56
2016,3,13,8.18
2016,3,14,16.31
2016,3,15,11.92
2016,3,16,6.29
2016,3,17,5.67
2016,3,18,8.23
2016,3,19,7.47
2016,3,20,12.15
2016,3,21,12.19
2016,3,22,7.24
2016,3,23,11.09
2016,3,24,16.72
2016,3,25,12.31
2016,3,26,11.18
2016,3,27,8.49
2016,3,28,8.95
2016,3,29,2.7
2016,3,30,3.95
2016,3,31,2.82
2016,4,1,5.84
2016,4,2,3.52
2016,4,3,8.04
2016,4,4,6.02
2016,4,5,2.82
2016,4,6,5.01
2016,4,7,9.43
2016,4,8,6.45
2016,4,9,3.6
2016,4,10,4.73
2016,4,11,11.06
2016,4,12,4.46
2016,4,13,7.74
2016,4,14,8.51
2016,4,15,8.09
2016,4,16,7.53
2016,4,17,6.03
2016,4,18,9.49
2016,4,19,11.37
2016,4,20,4.39
2016,4,21,8.89
2016,4,22,3.45
2016,4,23,7.96
2016,4,24,5.46
2016,4,25,5.05
2016,4,26,3.89
2016,4,27,7.91
2016,4,28,9.05
2016,4,29,11.69
2016,4,30,5.06
2016,5,1,1.31
2016,5,2,5.71
2016,5,3,5.94
2016,5,4,3.09
2016,5,5,5.15
2016,5,6,8.63
2016,5,7,4.9
2016,5,8,3.24
2016,5,9,7.22
2016,5,10,10.04
2016,5,11,11.54
2016,5,12,6.3
2016,5,13,10.48
2016,5,14,10.03
2016,5,15,4.48
2016,5,16,13.34
2016,5,17,11.54
2016,5,18,7.79
2016,5,19,7.78
2016,5,20,5.78
2016,5,21,5.22
2016,5,22,4.47
2016,5,23,6.4
2016,5,24,5.44
2016,5,25,3.86
2016,5,26,1.03
2016,5,27,4.7
2016,5,28,9.92
2016,5,29,10.51
2016,5,30,6.65
2016,5,31,8.42
2016,6,1,11.46
2016,6,2,6.06
2016,6,3,7.87
2016,6,4,9.34
2016,6,5,4.24
2016,6,6,4.25
2016,6,7,1.42
2016,6,8,1.84
2016,6,9,1.67
2016,6,10,1.9
2016,6,11,9.47
2016,6,12,14.09
2016,6,13,13.4
2016,6,14,10.17
2016,6,15,11.51
2016,6,16,12.22
2016,6,17,7.0
2016,6,18,5.55
2016,6,19,4.13
2016,6,20,6.34
2016,6,21,7.3
2016,6,22,8.45
2016,6,23,8.57
2016,6,24,8.21
2016,6,25,7.55
2016,6,26,5.17
2016,6,27,3.47
2016,6,28,7.02
2016,6,29,7.51
2016,6,30,6.03
2016,7,1,5.39
2016,7,2,7.1
2016,7,3,8.88
2016,7,4,5.67
2016,7,5,4.67
2016,7,6,7.48
2016,7,7,13.04
2016,7,8,20.31
2016,7,9,11.31
2016,7,10,11.21
2016,7,11,12.16
2016,7,12,12.36
2016,7,13,10.6
2016,7,14,10.01
2016,7,15,10.61
2016,7,16,10.7
2016,7,17,8.69
2016,7,18,6.71
2016,7,19,8.58
2016,7,20,8.23
2016,7,21,7.69
2016,7,22,7.11
2016,7,23,5.75
2016,7,24,3.05
2016,7,25,1.51
2016,7,26,3.77
2016,7,27,7.91
2016,7,28,7.14
2016,7,29,2.99
2016,7,30,5.44
2016,7,31,11.53
2016,8,1,9.29
2016,8,2,2.71
2016,8,3,3.02
2016,8,4,5.04
2016,8,5,3.34
2016,8,6,3.48
2016,8,7,6.7
2016,8,8,3.7
2016,8,9,1.93
2016,8,10,5.91
2016,8,11,7.83
2016,8,12,4.02
2016,8,13,4.23
2016,8,14,3.14
2016,8,15,2.54
2016,8,16,2.7
2016,8,17,2.76
2016,8,18,5.26
2016,8,19,4.35
2016,8,20,3.26
2016,8,21,2.59
2016,8,22,5.34
2016,8,23,6.54
2016,8,24,7.23
2016,8,25,3.54
2016,8,26,4.6
2016,8,27,6.61
2016,8,28,8.84
2016,8,29,10.16
2016,8,30,3.84
2016,8,31,4.22
2016,9,1,7.56
2016,9,2,7.02
2016,9,3,5.6
2016,9,4,9.85
2016,9,5,9.41
2016,9,6,4.19
2016,9,7,9.9
2016,9,8,6.66
2016,9,9,2.99
2016,9,10,2.43
2016,9,11,1.71
2016,9,12,7.64
2016,9,13,13.44
2016,9,14,22.4
2016,9,15,12.26
2016,9,16,5.28
2016,9,17,10.1
2016,9,18,4.87
2016,9,19,10.53
2016,9,20,13.8
2016,9,21,12.28
2016,9,22,11.76
2016,9,23,12.39
2016,9,24,12.38
2016,9,25,12.61
2016,9,26,14.39
2016,9,27,24.04
2016,9,28,16.44
2016,9,29,5.47
2016,9,30,2.34
2016,10,1,4.79
2016,10,2,5.39
2016,10,3,7.32
2016,10,4,7.06
2016,10,5,12.51
2016,10,6,15.5
2016,10,7,6.4
2016,10,8,8.96
2016,10,9,18.95
2016,10,10,16.04
2016,10,11,13.22
2016,10,12,15.99
2016,10,13,15.18
2016,10,14,15.76
2016,10,15,15.92
2016,10,16,13.27
2016,10,17,14.56
2016,10,18,13.45
2016,10,19,14.78
2016,10,20,13.0
2016,10,21,3.26
2016,10,22,7.94
2016,10,23,6.79
2016,10,24,10.15
2016,10,25,5.15
2016,10,26,3.27
2016,10,27,3.0
2016,10,28,4.64
2016,10,29,17.15
2016,10,30,16.51
2016,10,31,14.18
2016,11,1,18.14
2016,11,2,16.52
2016,11,3,15.22
2016,11,4,10.27
2016,11,5,6.17
2016,11,6,8.65
2016,11,7,5.39
2016,11,8,10.66
2016,11,9,15.14
2016,11,10,10.27
2016,11,11,12.07
2016,11,12,3.91
2016,11,13,3.81
2016,11,14,1.79
2016,11,15,12.3
2016,11,16,11.61
2016,11,17,8.79
2016,11,18,5.95
2016,11,19,5.15
2016,11,20,9.48
2016,11,21,6.99
2016,11,22,12.27
2016,11,23,17.14
2016,11,24,17.27
2016,11,25,14.63
2016,11,26,9.8
2016,11,27,15.7
2016,11,28,18.35
2016,11,29,15.15
2016,11,30,12.56
2016,12,1,15.05
2016,12,2,15.88
2016,12,3,13.23
2016,12,4,9.63
2016,12,5,10.56
2016,12,6,15.66
2016,12,7,12.85
2016,12,8,12.11
2016,12,9,14.24
2016,12,10,14.84
2016,12,11,14.24
2016,12,12,6.06
2016,12,13,7.43
2016,12,14,14.82
2016,12,15,16.1
2016,12,16,16.72
2016,12,17,11.96
2016,12,18,6.14
2016,12,19,7.57
2016,12,20,11.1
2016,12,21,6.64
2016,12,22,10.08
2016,12,23,18.0
2016,12,24,15.01
2016,12,25,11.62
2016,12,26,6.89
2016,12,27,17.66
2016,12,28,15.37
2016,12,29,16.72
2016,12,30,14.78
2016,12,31,13.8
2017,1,1,11.9
2017,1,2,8.57
2017,1,3,12.39
2017,1,4,11.26
2017,1,5,6.04
2017,1,6,8.5
2017,1,7,5.32
2017,1,8,9.02
2017,1,9,13.79
2017,1,10,12.47
2017,1,11,14.32
2017,1,12,12.33
2017,1,13,13.58
2017,1,14,15.85
2017,1,15,15.18
2017,1,16,14.33
2017,1,17,11.73
2017,1,18,9.18
2017,1,19,9.1
2017,1,20,15.85
2017,1,21,11.86
2017,1,22,14.96
2017,1,23,16.43
2017,1,24,14.86
2017,1,25,13.49
2017,1,26,13.8
2017,1,27,11.19
2017,1,28,9.16
2017,1,29,3.36
2017,1,30,13.81
2017,1,31,15.65
2017,2,1,15.95
2017,2,2,16.39
2017,2,3,12.01
2017,2,4,6.26
2017,2,5,9.76
2017,2,6,16.15
2017,2,7,14.74
2017,2,8,9.69
2017,2,9,13.77
2017,2,10,14.59
2017,2,11,14.58
2017,2,12,13.64
2017,2,13,12.88
2017,2,14,13.29
2017,2,15,9.15
2017,2,16,4.11
2017,2,17,3.36
2017,2,18,12.71
2017,2,19,7.53
2017,2,20,4.08
2017,2,21,14.96
2017,2,22,5.63
2017,2,23,13.93
2017,2,24,13.42
2017,2,25,12.82
2017,2,26,13.58
2017,2,27,14.81
2017,2,28,11.25
2017,3,1,5.33
2017,3,2,13.47
2017,3,3,10.38
2017,3,4,4.19
2017,3,5,2.29
2017,3,6,13.39
2017,3,7,12.09
2017,3,8,11.56
2017,3,9,9.87
2017,3,10,10.3
2017,3,11,12.36
2017,3,12,6.66
2017,3,13,5.52
2017,3,14,14.98
2017,3,15,13.93
2017,3,16,8.3
2017,3,17,10.95
2017,3,18,6.93
2017,3,19,9.66
2017,3,20,3.83
2017,3,21,13.3
2017,3,22,9.61
2017,3,23,9.53
2017,3,24,7.88
2017,3,25,10.83
2017,3,26,11.46
2017,3,27,10.25
2017,3,28,4.76
2017,3,29,5.82
2017,3,30,4.97
2017,3,31,11.14
2017,4,1,11.46
2017,4,2,9.56
2017,4,3,10.11
2017,4,4,2.87
2017,4,5,3.74
2017,4,6,4.84
2017,4,7,5.68
2017,4,8,4.52
2017,4,9,8.85
2017,4,10,11.81
2017,4,11,11.39
2017,4,12,14.8
2017,4,13,11.95
2017,4,14,3.6
2017,4,15,1.6
2017,4,16,3.2
2017,4,17,8.69
2017,4,18,4.25
2017,4,19,3.35
2017,4,20,6.89
2017,4,21,9.21
2017,4,22,12.34
2017,4,23,11.3
2017,4,24,6.9
2017,4,25,4.45
2017,4,26,6.58
2017,4,27,14.67
2017,4,28,10.18
2017,4,29,5.51
2017,4,30,1.64
2017,5,1,1.75
2017,5,2,2.07
2017,5,3,6.54
2017,5,4,3.76
2017,5,5,3.76
2017,5,6,8.21
2017,5,7,10.96
2017,5,8,4.39
2017,5,9,4.56
2017,5,10,6.21
2017,5,11,3.73
2017,5,12,6.72
2017,5,13,4.05
2017,5,14,4.37
2017,5,15,5.95
2017,5,16,10.02
2017,5,17,11.12
2017,5,18,11.38
2017,5,19,8.1
2017,5,20,7.64
2017,5,21,10.87
2017,5,22,8.35
2017,5,23,3.42
2017,5,24,8.44
2017,5,25,11.22
2017,5,26,10.36
2017,5,27,12.14
2017,5,28,11.14
2017,5,29,9.91
2017,5,30,3.59
2017,5,31,5.97
2017,6,1,10.85
2017,6,2,10.11
2017,6,3,6.85
2017,6,4,6.41
2017,6,5,2.9
2017,6,6,5.28
2017,6,7,6.42
2017,6,8,5.59
2017,6,9,1.94
2017,6,10,6.26
2017,6,11,7.02
2017,6,12,6.95
2017,6,13,9.27
2017,6,14,11.55
2017,6,15,6.0
2017,6,16,4.57
2017,6,17,8.09
2017,6,18,8.42
2017,6,19,11.16
2017,6,20,11.99
2017,6,21,11.46
2017,6,22,8.79
2017,6,23,7.87
2017,6,24,9.27
2017,6,25,11.51
2017,6,26,9.98
2017,6,27,6.08
2017,6,28,1.01
2017,6,29,2.18
2017,6,30,4.18
2017,7,1,4.41
2017,7,2,4.68
2017,7,3,4.82
2017,7,4,4.47
2017,7,5,2.95
2017,7,6,1.85
2017,7,7,8.79
2017,7,8,6.63
2017,7,9,6.3
2017,7,10,8.4
2017,7,11,6.28
2017,7,12,5.42
2017,7,13,5.42
2017,7,14,4.22
2017,7,15,1.84
2017,7,16,3.11
2017,7,17,3.52
2017,7,18,2.64
2017,7,19,3.37
2017,7,20,4.05
2017,7,21,1.86
2017,7,22,3.04
2017,7,23,3.69
2017,7,24,5.67
2017,7,25,4.77
2017,7,26,3.3
2017,7,27,3.05
2017,7,28,10.23
2017,7,29,16.66
2017,7,30,9.56
2017,7,31,17.35
2017,8,1,10.91
2017,8,2,6.24
2017,8,3,4.61
2017,8,4,6.58
2017,8,5,8.8
2017,8,6,9.32
2017,8,7,8.92
2017,8,8,10.52
2017,8,9,11.74
2017,8,10,11.37
2017,8,11,8.66
2017,8,12,7.8
2017,8,13,8.32
2017,8,14,8.86
2017,8,15,8.27
2017,8,16,6.24
2017,8,17,4.53
2017,8,18,2.68
2017,8,19,2.15
2017,8,20,2.28
2017,8,21,9.22
2017,8,22,12.28
2017,8,23,3.48
2017,8,24,1.6
2017,8,25,3.74
2017,8,26,4.62
2017,8,27,3.76
2017,8,28,3.74
2017,8,29,10.68
2017,8,30,11.47
2017,8,31,12.83
2017,9,1,15.03
2017,9,2,15.09
2017,9,3,6.84
2017,9,4,1.82
2017,9,5,3.27
2017,9,6,4.32
2017,9,7,6.74
2017,9,8,5.79
2017,9,9,3.35
2017,9,10,3.18
2017,9,11,3.97
2017,9,12,9.15
2017,9,13,14.13
2017,9,14,5.77
2017,9,15,2.41
2017,9,16,4.28
2017,9,17,7.12
2017,9,18,8.78
2017,9,19,3.52
2017,9,20,3.0
2017,9,21,2.57
2017,9,22,6.43
2017,9,23,6.68
2017,9,24,2.05
2017,9,25,2.96
2017,9,26,3.95
2017,9,27,6.67
2017,9,28,4.3
2017,9,29,11.65
2017,9,30,10.63
2017,10,1,3.01
2017,10,2,2.53
2017,10,3,8.2
2017,10,4,15.27
2017,10,5,13.41
2017,10,6,13.49
2017,10,7,16.3
2017,10,8,17.39
2017,10,9,14.81
2017,10,10,13.63
2017,10,11,14.87
2017,10,12,17.63
2017,10,13,21.45
2017,10,14,19.86
2017,10,15,10.51
2017,10,16,13.72
2017,10,17,16.38
2017,10,18,15.69
2017,10,19,16.65
2017,10,20,16.85
2017,10,21,14.94
2017,10,22,12.17
2017,10,23,13.01
2017,10,24,14.78
2017,10,25,13.83
2017,10,26,12.09
2017,10,27,12.89
2017,10,28,12.2
2017,10,29,15.79
2017,10,30,17.29
2017,10,31,14.43
2017,11,1,11.55
2017,11,2,10.91
2017,11,3,13.68
2017,11,4,20.6
2017,11,5,17.12
2017,11,6,12.08
2017,11,7,9.75
2017,11,8,15.79
2017,11,9,15.71
2017,11,10,11.27
2017,11,11,15.38
2017,11,12,12.74
2017,11,13,10.82
2017,11,14,11.02
2017,11,15,12.23
2017,11,16,10.3
2017,11,17,3.01
2017,11,18,14.0
2017,11,19,16.59
2017,11,20,14.59
2017,11,21,13.19
2017,11,22,11.11
2017,11,23,15.62
2017,11,24,15.66
2017,11,25,13.16
2017,11,26,11.61
2017,11,27,14.06
2017,11,28,11.45
2017,11,29,10.47
2017,11,30,16.14
2017,12,1,18.31
2017,12,2,16.08
2017,12,3,14.46
2017,12,4,15.24
2017,12,5,16.01
2017,12,6,12.69
2017,12,7,12.07
2017,12,8,16.73
2017,12,9,11.86
2017,12,10,8.7
2017,12,11,15.73
2017,12,12,14.7
2017,12,13,16.54
2017,12,14,14.81
2017,12,15,12.79
2017,12,16,17.39
2017,12,17,18.42
2017,12,18,16.06
2017,12,19,18.3
2017,12,20,16.71
2017,12,21,16.38
2017,12,22,12.77
2017,12,23,8.89
2017,12,24,8.38
2017,12,25,16.01
2017,12,26,13.76
2017,12,27,14.64
2017,12,28,10.62
2017,12,29,13.18
2017,12,30,12.28
2017,12,31,15.53
2018,1,1,14.29
2018,1,2,12.65
2018,1,3,11.57
2018,1,4,9.49
2018,1,5,11.82
2018,1,6,14.36
2018,1,7,8.12
2018,1,8,7.26
2018,1,9,11.44
2018,1,10,11.17
2018,1,11,14.02
2018,1,12,14.91
2018,1,13,14.39
2018,1,14,11.21
2018,1,15,11.39
2018,1,16,4.76
2018,1,17,9.37
2018,1,18,12.54
2018,1,19,12.88
2018,1,20,12.53
2018,1,21,11.21
2018,1,22,10.5
2018,1,23,12.88
2018,1,24,15.38
2018,1,25,13.98
2018,1,26,17.41
2018,1,27,13.77
2018,1,28,12.52
2018,1,29,17.13
2018,1,30,14.57
2018,1,31,13.84
2018,2,1,15.29
2018,2,2,14.81
2018,2,3,15.55
2018,2,4,15.01
2018,2,5,13.93
2018,2,6,14.71
2018,2,7,12.21
2018,2,8,13.2
2018,2,9,10.13
2018,2,10,11.76
2018,2,11,15.37
2018,2,12,13.8
2018,2,13,9.96
2018,2,14,3.37
2018,2,15,3.16
2018,2,16,6.26
2018,2,17,15.16
2018,2,18,5.37
2018,2,19,2.71
2018,2,20,9.75
2018,2,21,15.0
2018,2,22,14.73
2018,2,23,13.24
2018,2,24,6.64
2018,2,25,11.19
2018,2,26,14.15
2018,2,27,7.79
2018,2,28,4.46
2018,3,1,10.3
2018,3,2,5.06
2018,3,3,3.85
2018,3,4,3.92
2018,3,5,10.25
2018,3,6,16.37
2018,3,7,10.15
2018,3,8,13.05
2018,3,9,15.67
2018,3,10,12.41
2018,3,11,9.73
2018,3,12,4.84
2018,3,13,2.11
2018,3,14,2.14
2018,3,15,3.01
2018,3,16,8.22
2018,3,17,13.33
2018,3,18,5.91
2018,3,19,4.34
2018,3,20,9.21
2018,3,21,9.04
2018,3,22,9.45
2018,3,23,7.43
2018,3,24,7.64
2018,3,25,8.36
2018,3,26,7.52
2018,3,27,9.05
2018,3,28,8.58
2018,3,29,9.06
2018,3,30,12.13
2018,3,31,12.52
2018,4,1,7.05
2018,4,2,3.02
2018,4,3,2.31
2018,4,4,2.68
2018,4,5,3.61
2018,4,6,12.67
2018,4,7,12.6
2018,4,8,6.73
2018,4,9,1.67
2018,4,10,3.99
2018,4,11,3.54
2018,4,12,3.35
2018,4,13,3.22
2018,4,14,8.45
2018,4,15,14.94
2018,4,16,12.27
2018,4,17,10.5
2018,4,18,8.58
2018,4,19,7.85
2018,4,20,7.92
2018,4,21,5.12
2018,4,22,2.62
2018,4,23,4.44
2018,4,24,9.71
2018,4,25,12.57
2018,4,26,6.84
2018,4,27,7.39
2018,4,28,9.1
2018,4,29,3.33
2018,4,30,3.75
2018,5,1,5.23
2018,5,2,7.26
2018,5,3,14.39
2018,5,4,9.46
2018,5,5,3.78
2018,5,6,7.31
2018,5,7,10.4
2018,5,8,7.8
2018,5,9,13.96
2018,5,10,13.32
2018,5,11,5.71
2018,5,12,3.3
2018,5,13,6.07
2018,5,14,5.09
2018,5,15,6.59
2018,5,16,7.96
2018,5,17,7.87
2018,5,18,7.74
2018,5,19,4.37
2018,5,20,4.08
2018,5,21,2.4
2018,5,22,3.21
2018,5,23,7.82
2018,5,24,4.79
2018,5,25,6.49
2018,5,26,8.85
2018,5,27,6.95
2018,5,28,4.04
2018,5,29,2.37
2018,5,30,5.68
2018,5,31,6.59
2018,6,1,11.17
2018,6,2,9.95
2018,6,3,6.86
2018,6,4,4.98
2018,6,5,3.58
2018,6,6,4.5
2018,6,7,9.82
2018,6,8,11.33
2018,6,9,8.88
2018,6,10,4.09
2018,6,11,6.92
2018,6,12,6.71
2018,6,13,10.2
2018,6,14,11.62
2018,6,15,13.6
2018,6,16,12.33
2018,6,17,7.64
2018,6,18,9.46
2018,6,19,15.54
2018,6,20,12.23
2018,6,21,9.71
2018,6,22,7.88
2018,6,23,8.49
2018,6,24,7.23
2018,6,25,6.65
2018,6,26,4.46
2018,6,27,5.13
2018,6,28,8.15
2018,6,29,6.99
2018,6,30,3.28
2018,7,1,3.71
2018,7,2,9.56
2018,7,3,11.33
2018,7,4,11.96
2018,7,5,11.47
2018,7,6,10.36
2018,7,7,7.15
2018,7,8,2.68
2018,7,9,6.7
2018,7,10,10.74
2018,7,11,16.08
2018,7,12,5.04
2018,7,13,3.86
2018,7,14,4.68
2018,7,15,6.94
2018,7,16,11.91
2018,7,17,12.92
2018,7,18,9.53
2018,7,19,7.04
2018,7,20,9.39
2018,7,21,6.22
2018,7,22,3.14
2018,7,23,6.96
2018,7,24,4.94
2018,7,25,3.32
2018,7,26,2.15
2018,7,27,1.73
2018,7,28,1.99
2018,7,29,4.06
2018,7,30,5.55
2018,7,31,6.51
2018,8,1,5.24
2018,8,2,6.87
2018,8,3,9.27
2018,8,4,3.76
2018,8,5,1.67
2018,8,6,3.68
2018,8,7,5.89
2018,8,8,6.83
2018,8,9,2.95
2018,8,10,2.07
2018,8,11,1.93
2018,8,12,2.3
2018,8,13,3.64
2018,8,14,2.0
2018,8,15,7.17
2018,8,16,7.14
2018,8,17,9.51
2018,8,18,4.8
2018,8,19,5.54
2018,8,20,2.26
2018,8,21,2.26
2018,8,22,2.0
2018,8,23,7.49
2018,8,24,9.53
2018,8,25,7.67
2018,8,26,4.93
2018,8,27,7.18
2018,8,28,10.21
2018,8,29,10.08
2018,8,30,9.96
2018,8,31,5.59
2018,9,1,4.11
2018,9,2,5.77
2018,9,3,8.75
2018,9,4,8.02
2018,9,5,2.97
2018,9,6,2.18
2018,9,7,2.67
2018,9,8,7.83
2018,9,9,15.0
2018,9,10,17.04
2018,9,11,9.36
2018,9,12,4.39
2018,9,13,8.05
2018,9,14,13.39
2018,9,15,19.11
2018,9,16,8.14
2018,9,17,5.48
2018,9,18,8.35
2018,9,19,4.23
2018,9,20,1.89
2018,9,21,2.83
2018,9,22,3.17
2018,9,23,6.37
2018,9,24,14.94
2018,9,25,16.86
2018,9,26,14.76
2018,9,27,15.98
2018,9,28,15.58
2018,9,29,10.59
2018,9,30,11.82
2018,10,1,12.77
2018,10,2,13.82
2018,10,3,14.4
2018,10,4,13.07
2018,10,5,5.11
2018,10,6,10.9
2018,10,7,11.42
2018,10,8,11.7
2018,10,9,10.29
2018,10,10,13.36
2018,10,11,16.46
2018,10,12,15.04
2018,10,13,13.65
2018,10,14,9.92
2018,10,15,9.64
2018,10,16,8.12
2018,10,17,12.4
2018,10,18,14.62
2018,10,19,14.97
2018,10,20,12.9
2018,10,21,9.47
2018,10,22,5.25
2018,10,23,9.78
2018,10,24,10.73
2018,10,25,7.24
2018,10,26,4.16
2018,10,27,14.77
2018,10,28,11.83
2018,10,29,13.34
2018,10,30,17.75
2018,10,31,18.87
2018,11,1,19.37
2018,11,2,18.48
2018,11,3,10.31
2018,11,4,11.11
2018,11,5,11.17
2018,11,6,10.26
2018,11,7,8.1
2018,11,8,5.48
2018,11,9,12.23
2018,11,10,12.7
2018,11,11,7.83
2018,11,12,8.39
2018,11,13,12.97
2018,11,14,12.74
2018,11,15,9.24
2018,11,16,8.98
2018,11,17,11.6
2018,11,18,5.83
2018,11,19,13.06
2018,11,20,11.92
2018,11,21,5.53
2018,11,22,15.4
2018,11,23,12.99
2018,11,24,12.24
2018,11,25,7.69
2018,11,26,6.25
2018,11,27,12.0
2018,11,28,9.63
2018,11,29,12.66
2018,11,30,9.47
2018,12,1,7.05
2018,12,2,4.74
2018,12,3,2.11
2018,12,4,5.15
2018,12,5,13.52
2018,12,6,9.02
2018,12,7,17.16
2018,12,8,17.79
2018,12,9,16.32
2018,12,10,14.26
2018,12,11,14.41
2018,12,12,16.42
2018,12,13,15.09
2018,12,14,16.3
2018,12,15,13.87
2018,12,16,8.82
2018,12,17,13.51
2018,12,18,12.16
2018,12,19,3.96
2018,12,20,3.6
2018,12,21,10.4
2018,12,22,8.8
2018,12,23,16.07
2018,12,24,16.73
2018,12,25,12.71
2018,12,26,11.0
2018,12,27,16.87
2018,12,28,19.71
2018,12,29,19.09
2018,12,30,17.84
2018,12,31,16.8
2019,1,1,17.12
2019,1,2,16.27
2019,1,3,14.91
2019,1,4,8.95
2019,1,5,9.01
2019,1,6,14.16
2019,1,7,11.2
2019,1,8,14.13
2019,1,9,14.36
2019,1,10,10.2
2019,1,11,6.28
2019,1,12,10.0
2019,1,13,14.03
2019,1,14,12.83
2019,1,15,12.88
2019,1,16,16.6
2019,1,17,14.97
2019,1,18,13.84
2019,1,19,5.48
2019,1,20,11.65
2019,1,21,15.2
2019,1,22,11.37
2019,1,23,11.81
2019,1,24,12.05
2019,1,25,10.01
2019,1,26,16.8
2019,1,27,13.23
2019,1,28,8.49
2019,1,29,10.73
2019,1,30,4.87
2019,1,31,9.06
2019,2,1,14.36
2019,2,2,5.31
2019,2,3,2.02
2019,2,4,12.83
2019,2,5,6.76
2019,2,6,4.16
2019,2,7,6.25
2019,2,8,11.7
2019,2,9,11.24
2019,2,10,12.1
2019,2,11,13.7
2019,2,12,10.94
2019,2,13,10.13
2019,2,14,11.08
2019,2,15,4.64
2019,2,16,11.7
2019,2,17,13.76
2019,2,18,8.35
2019,2,19,3.97
2019,2,20,6.48
2019,2,21,8.42
2019,2,22,9.77
2019,2,23,13.62
2019,2,24,12.22
2019,2,25,11.12
2019,2,26,10.59
2019,2,27,2.99
2019,2,28,10.13
2019,3,1,9.76
2019,3,2,5.73
2019,3,3,5.55
2019,3,4,10.36
2019,3,5,5.78
2019,3,6,8.28
2019,3,7,16.17
2019,3,8,13.88
2019,3,9,7.45
2019,3,10,6.11
2019,3,11,9.25
2019,3,12,8.07
2019,3,13,11.67
2019,3,14,8.71
2019,3,15,12.85
2019,3,16,11.82
2019,3,17,8.76
2019,3,18,4.26
2019,3,19,7.81
2019,3,20,6.85
2019,3,21,8.69
2019,3,22,9.81
2019,3,23,15.83
2019,3,24,11.7
2019,3,25,3.87
2019,3,26,9.98
2019,3,27,5.51
2019,3,28,9.1
2019,3,29,7.16
2019,3,30,9.95
2019,3,31,15.28
2019,4,1,14.98
2019,4,2,9.0
2019,4,3,9.68
2019,4,4,10.48
2019,4,5,4.29
2019,4,6,4.14
2019,4,7,4.74
2019,4,8,1.9
2019,4,9,8.28
2019,4,10,9.95
2019,4,11,8.55
2019,4,12,13.16
2019,4,13,7.63
2019,4,14,8.39
2019,4,15,14.41
2019,4,16,4.95
2019,4,17,6.49
2019,4,18,2.9
2019,4,19,3.54
2019,4,20,2.86
2019,4,21,6.38
2019,4,22,5.76
2019,4,23,8.57
2019,4,24,9.67
2019,4,25,9.29
2019,4,26,8.28
2019,4,27,13.35
2019,4,28,5.62
2019,4,29,3.72
2019,4,30,6.47
2019,5,1,10.01
2019,5,2,13.73
2019,5,3,13.59
2019,5,4,10.7
2019,5,5,8.79
2019,5,6,14.66
2019,5,7,16.02
2019,5,8,9.93
2019,5,9,8.45
2019,5,10,9.36
2019,5,11,9.72
2019,5,12,8.64
2019,5,13,3.83
2019,5,14,4.29
2019,5,15,3.38
2019,5,16,7.31
2019,5,17,10.32
2019,5,18,9.41
2019,5,19,9.7
2019,5,20,10.49
2019,5,21,10.82
2019,5,22,4.88
2019,5,23,4.81
2019,5,24,6.91
2019,5,25,2.17
2019,5,26,1.7
2019,5,27,4.8
2019,5,28,8.83
2019,5,29,10.69
2019,5,30,4.32
2019,5,31,1.53
2019,6,1,4.21
2019,6,2,10.2
2019,6,3,8.51
2019,6,4,6.75
2019,6,5,4.34
2019,6,6,8.06
2019,6,7,8.2
2019,6,8,8.37
2019,6,9,11.05
2019,6,10,8.35
2019,6,11,6.5
2019,6,12,5.11
2019,6,13,5.64
2019,6,14,9.08
2019,6,15,9.81
2019,6,16,6.0
2019,6,17,1.11
2019,6,18,6.02
2019,6,19,9.11
2019,6,20,9.12
2019,6,21,10.36
2019,6,22,9.93
2019,6,23,8.03
2019,6,24,3.63
2019,6,25,2.88
2019,6,26,5.67
2019,6,27,8.92
2019,6,28,8.05
2019,6,29,8.18
2019,6,30,6.86
2019,7,1,4.37
2019,7,2,9.4
2019,7,3,10.99
2019,7,4,9.94
2019,7,5,12.28
2019,7,6,10.98
2019,7,7,10.83
2019,7,8,10.59
2019,7,9,11.6
2019,7,10,11.14
2019,7,11,8.61
2019,7,12,9.64
2019,7,13,11.66
2019,7,14,9.37
2019,7,15,5.13
2019,7,16,5.96
2019,7,17,14.51
2019,7,18,10.42
2019,7,19,7.18
2019,7,20,10.67
2019,7,21,10.65
2019,7,22,8.31
2019,7,23,5.99
2019,7,24,6.79
2019,7,25,7.89
2019,7,26,7.52
2019,7,27,4.5
2019,7,28,2.17
2019,7,29,2.7
2019,7,30,3.19
2019,7,31,3.32
2019,8,1,1.49
2019,8,2,4.82
2019,8,3,8.38
2019,8,4,9.86
2019,8,5,10.77
2019,8,6,10.65
2019,8,7,11.88
2019,8,8,14.34
2019,8,9,12.66
2019,8,10,13.7
2019,8,11,12.09
2019,8,12,9.12
2019,8,13,6.6
2019,8,14,7.58
2019,8,15,9.35
2019,8,16,9.03
2019,8,17,8.31
2019,8,18,8.26
2019,8,19,5.09
2019,8,20,8.27
2019,8,21,4.95
2019,8,22,2.55
2019,8,23,11.3
2019,8,24,21.59
2019,8,25,7.56
2019,8,26,4.72
2019,8,27,2.4
2019,8,28,6.94
2019,8,29,4.09
2019,8,30,5.11
2019,8,31,9.92
2019,9,1,2.9
2019,9,2,4.13
2019,9,3,7.12
2019,9,4,9.7
2019,9,5,9.98
2019,9,6,3.94
2019,9,7,2.59
2019,9,8,1.35
2019,9,9,1.67
2019,9,10,4.28
2019,9,11,6.48
2019,9,12,12.81
2019,9,13,10.62
2019,9,14,11.26
2019,9,15,11.18
2019,9,16,12.64
2019,9,17,14.48
2019,9,18,16.93
2019,9,19,15.94
2019,9,20,13.78
2019,9,21,6.63
2019,9,22,5.74
2019,9,23,9.97
2019,9,24,12.08
2019,9,25,11.73
2019,9,26,12.42
2019,9,27,13.14
2019,9,28,13.21
2019,9,29,14.29
2019,9,30,19.32
2019,10,1,12.42
2019,10,2,5.84
2019,10,3,2.11
2019,10,4,1.59
2019,10,5,8.77
2019,10,6,14.28
2019,10,7,11.18
2019,10,8,13.65
2019,10,9,13.13
2019,10,10,8.39
2019,10,11,7.18
2019,10,12,9.51
2019,10,13,12.62
2019,10,14,15.91
2019,10,15,17.75
2019,10,16,14.22
2019,10,17,14.05
2019,10,18,12.65
2019,10,19,14.19
2019,10,20,13.19
2019,10,21,11.01
2019,10,22,9.2
2019,10,23,8.71
2019,10,24,11.16
2019,10,25,11.9
2019,10,26,12.22
2019,10,27,10.77
2019,10,28,7.82
2019,10,29,13.02
2019,10,30,15.25
2019,10,31,15.51
2019,11,1,15.37
2019,11,2,13.32
2019,11,3,14.17
2019,11,4,17.11
2019,11,5,17.93
2019,11,6,14.29
2019,11,7,14.65
2019,11,8,15.87
2019,11,9,14.87
2019,11,10,8.09
2019,11,11,9.17
2019,11,12,9.24
2019,11,13,10.4
2019,11,14,16.18
2019,11,15,13.12
2019,11,16,9.31
2019,11,17,6.16
2019,11,18,15.13
2019,11,19,19.18
2019,11,20,18.39
2019,11,21,16.13
2019,11,22,13.94
2019,11,23,8.29
2019,11,24,8.18
2019,11,25,17.44
2019,11,26,15.82
2019,11,27,14.74
2019,11,28,17.04
2019,11,29,14.83
2019,11,30,11.52
2019,12,1,8.26
2019,12,2,16.47
2019,12,3,17.5
2019,12,4,17.62
2019,12,5,17.48
2019,12,6,18.24
2019,12,7,17.65
2019,12,8,14.35
2019,12,9,11.86
2019,12,10,8.23
2019,12,11,11.36
2019,12,12,15.56
2019,12,13,10.91
2019,12,14,11.54
2019,12,15,9.76
2019,12,16,5.77
2019,12,17,1.73
2019,12,18,11.28
2019,12,19,13.48
2019,12,20,14.31
2019,12,21,10.47
2019,12,22,6.96
2019,12,23,10.23
2019,12,24,8.12
2019,12,25,8.6
2019,12,26,9.47
2019,12,27,16.66
2019,12,28,13.69
2019,12,29,6.5
2019,12,30,9.57
2019,12,31,17.87
2020,1,1,13.25
2020,1,2,10.31
2020,1,3,9.61
2020,1,4,10.98
2020,1,5,10.44
2020,1,6,5.01
2020,1,7,4.7
2020,1,8,14.23
2020,1,9,11.42
2020,1,10,7.92
2020,1,11,7.03
2020,1,12,13.6
2020,1,13,11.7
2020,1,14,11.88
2020,1,15,12.13
2020,1,16,7.43
2020,1,17,12.13
2020,1,18,11.6
2020,1,19,8.31
2020,1,20,9.16
2020,1,21,10.12
2020,1,22,3.42
2020,1,23,3.73
2020,1,24,11.43
2020,1,25,13.51
2020,1,26,10.09
2020,1,27,9.67
2020,1,28,10.9
2020,1,29,10.43
2020,1,30,9.24
2020,1,31,10.46
2020,2,1,10.95
2020,2,2,7.28
2020,2,3,10.59
2020,2,4,11.44
2020,2,5,14.59
2020,2,6,12.14
2020,2,7,12.26
2020,2,8,14.87
2020,2,9,13.3
2020,2,10,10.63
2020,2,11,3.91
2020,2,12,1.96
2020,2,13,2.21
2020,2,14,3.98
2020,2,15,5.09
2020,2,16,13.56
2020,2,17,15.09
2020,2,18,14.31
2020,2,19,8.8
2020,2,20,12.51
2020,2,21,9.89
2020,2,22,13.28
2020,2,23,14.23
2020,2,24,6.9
2020,2,25,2.81
2020,2,26,7.13
2020,2,27,14.94
2020,2,28,7.13
2020,2,29,2.84
2020,3,1,6.53
2020,3,2,15.04
2020,3,3,10.09
2020,3,4,13.51
2020,3,5,15.12
2020,3,6,6.92
2020,3,7,2.98
2020,3,8,8.42
2020,3,9,7.0
2020,3,10,11.74
2020,3,11,11.59
2020,3,12,6.51
2020,3,13,7.08
2020,3,14,13.84
2020,3,15,10.22
2020,3,16,10.36
2020,3,17,4.47
2020,3,18,1.89
2020,3,19,4.44
2020,3,20,9.34
2020,3,21,4.54
2020,3,22,7.9
2020,3,23,11.6
2020,3,24,11.1
2020,3,25,5.54
2020,3,26,2.46
2020,3,27,6.01
2020,3,28,12.41
2020,3,29,9.98
2020,3,30,8.29
2020,3,31,6.74
2020,4,1,11.41
2020,4,2,11.59
2020,4,3,11.75
2020,4,4,13.52
2020,4,5,14.86
2020,4,6,11.68
2020,4,7,11.64
2020,4,8,10.99
2020,4,9,10.92
2020,4,10,10.58
2020,4,11,3.09
2020,4,12,9.84
2020,4,13,7.85
2020,4,14,7.15
2020,4,15,3.05
2020,4,16,3.69
2020,4,17,5.81
2020,4,18,4.05
2020,4,19,5.96
2020,4,20,8.47
2020,4,21,8.72
2020,4,22,14.61
2020,4,23,14.39
2020,4,24,13.09
2020,4,25,8.31
2020,4,26,8.19
2020,4,27,10.65
2020,4,28,14.09
2020,4,29,8.11
2020,4,30,4.02
2020,5,1,2.83
2020,5,2,3.77
2020,5,3,6.89
2020,5,4,6.27
2020,5,5,9.07
2020,5,6,7.33
2020,5,7,1.97
2020,5,8,5.02
2020,5,9,9.36
2020,5,10,7.49
2020,5,11,8.22
2020,5,12,7.32
2020,5,13,11.97
2020,5,14,4.22
2020,5,15,5.83
2020,5,16,6.76
2020,5,17,4.57
2020,5,18,7.67
2020,5,19,7.44
2020,5,20,4.49
2020,5,21,4.56
2020,5,22,7.97
2020,5,23,10.67
2020,5,24,7.98
2020,5,25,5.43
2020,5,26,6.92
2020,5,27,7.67
2020,5,28,7.07
2020,5,29,3.93
2020,5,30,8.15
2020,5,31,6.39
2020,6,1,5.23
2020,6,2,6.0
2020,6,3,9.8
2020,6,4,9.94
2020,6,5,8.84
2020,6,6,9.85
2020,6,7,7.52
2020,6,8,6.92
2020,6,9,8.66
2020,6,10,8.64
2020,6,11,7.29
2020,6,12,3.87
2020,6,13,3.96
2020,6,14,6.28
2020,6,15,8.58
2020,6,16,9.52
2020,6,17,9.85
2020,6,18,10.63
2020,6,19,9.78
2020,6,20,9.09
2020,6,21,10.34
2020,6,22,9.69
2020,6,23,9.91
2020,6,24,9.83
2020,6,25,10.47
2020,6,26,9.11
2020,6,27,9.37
2020,6,28,8.02
2020,6,29,10.05
2020,6,30,10.14
2020,7,1,7.25
2020,7,2,7.49
2020,7,3,8.89
2020,7,4,8.05
2020,7,5,8.66
2020,7,6,10.18
2020,7,7,9.68
2020,7,8,10.27
2020,7,9,11.63
2020,7,10,10.76
2020,7,11,7.88
2020,7,12,6.61
2020,7,13,5.6
2020,7,14,2.85
2020,7,15,4.65
2020,7,16,9.2
2020,7,17,9.11
2020,7,18,9.38
2020,7,19,8.49
2020,7,20,6.58
2020,7,21,4.15
2020,7,22,3.35
2020,7,23,6.53
2020,7,24,7.39
2020,7,25,6.74
2020,7,26,6.05
2020,7,27,5.64
2020,7,28,2.61
2020,7,29,3.77
2020,7,30,5.71
2020,7,31,3.47
2020,8,1,2.21
2020,8,2,5.3
2020,8,3,7.2
2020,8,4,11.17
2020,8,5,4.98
2020,8,6,2.33
2020,8,7,3.28
2020,8,8,4.12
2020,8,9,3.65
2020,8,10,5.42
2020,8,11,7.38
2020,8,12,3.96
2020,8,13,1.26
2020,8,14,1.55
2020,8,15,1.31
2020,8,16,2.52
2020,8,17,7.26
2020,8,18,3.94
2020,8,19,4.01
2020,8,20,6.82
2020,8,21,4.91
2020,8,22,9.48
2020,8,23,5.94
2020,8,24,7.88
2020,8,25,9.4
2020,8,26,10.71
2020,8,27,10.27
2020,8,28,9.59
2020,8,29,5.42
2020,8,30,9.07
2020,8,31,9.56
2020,9,1,5.71
2020,9,2,7.16
2020,9,3,6.08
2020,9,4,10.32
2020,9,5,9.86
2020,9,6,5.96
2020,9,7,3.01
2020,9,8,1.67
2020,9,9,1.3
2020,9,10,1.6
2020,9,11,6.08
2020,9,12,4.72
2020,9,13,10.51
2020,9,14,9.64
2020,9,15,5.6
2020,9,16,1.99
2020,9,17,1.76
2020,9,18,6.15
2020,9,19,8.25
2020,9,20,11.96
2020,9,21,12.15
2020,9,22,10.29
2020,9,23,7.1
2020,9,24,8.23
2020,9,25,10.87
2020,9,26,13.11
2020,9,27,9.81
2020,9,28,7.3
2020,9,29,7.66
2020,9,30,11.27
2020,10,1,12.33
2020,10,2,10.27
2020,10,3,9.05
2020,10,4,7.71
2020,10,5,16.39
2020,10,6,16.15
2020,10,7,15.77
2020,10,8,15.56
2020,10,9,15.08
2020,10,10,14.12
2020,10,11,13.6
2020,10,12,14.8
2020,10,13,16.2
2020,10,14,16.13
2020,10,15,16.86
2020,10,16,15.33
2020,10,17,16.58
2020,10,18,15.42
2020,10,19,16.09
2020,10,20,17.23
2020,10,21,17.27
2020,10,22,16.7
2020,10,23,17.83
2020,10,24,17.36
2020,10,25,15.08
2020,10,26,14.38
2020,10,27,14.66
2020,10,28,14.38
2020,10,29,14.52
2020,10,30,16.0
2020,10,31,14.63
2020,11,1,13.64
2020,11,2,14.51
2020,11,3,17.46
2020,11,4,15.8
2020,11,5,14.17
2020,11,6,15.48
2020,11,7,15.15
2020,11,8,17.2
2020,11,9,18.11
2020,11,10,17.28
2020,11,11,18.31
2020,11,12,17.4
2020,11,13,16.9
2020,11,14,16.8
2020,11,15,13.47
2020,11,16,13.12
2020,11,17,10.32
2020,11,18,4.2
2020,11,19,1.9
2020,11,20,7.4
2020,11,21,12.5
2020,11,22,11.18
2020,11,23,15.99
2020,11,24,14.29
2020,11,25,13.39
2020,11,26,12.72
2020,11,27,15.77
2020,11,28,16.54
2020,11,29,16.17
2020,11,30,17.55
2020,12,1,17.49
2020,12,2,17.09
2020,12,3,18.58
2020,12,4,18.9
2020,12,5,16.9
2020,12,6,15.91
2020,12,7,15.94
2020,12,8,16.22
2020,12,9,14.57
2020,12,10,13.67
2020,12,11,12.54
2020,12,12,11.84
2020,12,13,9.46
2020,12,14,15.44
2020,12,15,16.16
2020,12,16,16.62
2020,12,17,14.82
2020,12,18,13.39
2020,12,19,17.44
2020,12,20,17.19
2020,12,21,16.25
2020,12,22,15.25
2020,12,23,12.04
2020,12,24,13.18
2020,12,25,14.22
2020,12,26,10.29
2020,12,27,7.05
2020,12,28,13.54
2020,12,29,8.78
2020,12,30,18.4
2020,12,31,16.26
2021,1,1,12.01
2021,1,2,12.67
2021,1,3,12.31
2021,1,4,12.5
2021,1,5,14.18
2021,1,6,15.32
2021,1,7,16.94
2021,1,8,14.79
2021,1,9,14.75
2021,1,10,14.31
2021,1,11,12.43
2021,1,12,9.87
2021,1,13,7.13
2021,1,14,7.44
2021,1,15,6.54
2021,1,16,15.24
2021,1,17,17.46
2021,1,18,12.99
2021,1,19,13.63
2021,1,20,12.0
2021,1,21,9.54
2021,1,22,11.38
2021,1,23,9.05
2021,1,24,13.03
2021,1,25,8.95
2021,1,26,9.48
2021,1,27,12.26
2021,1,28,10.5
2021,1,29,16.01
2021,1,30,11.38
2021,1,31,6.28
2021,2,1,3.24
2021,2,2,12.36
2021,2,3,12.52
2021,2,4,11.77
2021,2,5,7.37
2021,2,6,4.45
2021,2,7,9.99
2021,2,8,15.13
2021,2,9,16.5
2021,2,10,15.2
2021,2,11,14.2
2021,2,12,14.19
2021,2,13,13.28
2021,2,14,5.32
2021,2,15,8.9
2021,2,16,8.52
2021,2,17,14.14
2021,2,18,13.7
2021,2,19,8.02
2021,2,20,3.05
2021,2,21,3.14
2021,2,22,3.71
2021,2,23,13.52
2021,2,24,13.29
2021,2,25,5.01
2021,2,26,8.06
2021,2,27,11.38
2021,2,28,8.29
2021,3,1,4.16
2021,3,2,16.15
2021,3,3,12.38
2021,3,4,4.81
2021,3,5,8.26
2021,3,6,7.61
2021,3,7,13.95
2021,3,8,13.08
2021,3,9,11.33
2021,3,10,13.9
2021,3,11,7.65
2021,3,12,8.69
2021,3,13,11.81
2021,3,14,11.04
2021,3,15,4.72
2021,3,16,2.01
2021,3,17,7.85
2021,3,18,7.27
2021,3,19,3.02
2021,3,20,4.57
2021,3,21,16.71
2021,3,22,15.79
2021,3,23,12.45
2021,3,24,4.87
2021,3,25,11.46
2021,3,26,7.75
2021,3,27,5.03
2021,3,28,6.38
2021,3,29,4.2
2021,3,30,7.59
2021,3,31,3.88
2021,4,1,5.81
2021,4,2,5.27
2021,4,3,6.29
2021,4,4,14.59
2021,4,5,13.56
2021,4,6,11.36
2021,4,7,12.06
2021,4,8,12.72
2021,4,9,14.66
2021,4,10,13.63
2021,4,11,8.27
2021,4,12,4.91
2021,4,13,7.29
2021,4,14,12.59
2021,4,15,10.8
2021,4,16,9.65
2021,4,17,12.0
2021,4,18,16.47
2021,4,19,13.86
2021,4,20,12.9
2021,4,21,12.78
2021,4,22,11.85
2021,4,23,10.29
2021,4,24,10.78
2021,4,25,11.89
2021,4,26,11.63
2021,4,27,5.06
2021,4,28,2.68
2021,4,29,6.03
2021,4,30,4.72
2021,5,1,6.9
2021,5,2,7.16
2021,5,3,5.45
2021,5,4,4.42
2021,5,5,10.51
2021,5,6,6.06
2021,5,7,3.25
2021,5,8,5.7
2021,5,9,3.41
2021,5,10,4.88
2021,5,11,9.01
2021,5,12,8.14
2021,5,13,6.69
2021,5,14,7.4
2021,5,15,7.89
2021,5,16,9.56
2021,5,17,7.64
2021,5,18,3.81
2021,5,19,5.53
2021,5,20,10.52
2021,5,21,8.6
2021,5,22,4.19
2021,5,23,3.97
2021,5,24,6.93
2021,5,25,8.19
2021,5,26,5.98
2021,5,27,8.92
2021,5,28,6.68
2021,5,29,5.57
2021,5,30,7.7
2021,5,31,8.64
2021,6,1,4.43
2021,6,2,5.91
2021,6,3,6.77
2021,6,4,5.8
2021,6,5,5.85
2021,6,6,9.59
2021,6,7,5.84
2021,6,8,3.02
2021,6,9,2.67
2021,6,10,2.07
2021,6,11,3.14
2021,6,12,2.33
2021,6,13,4.68
2021,6,14,8.1
2021,6,15,10.3
2021,6,16,11.03
2021,6,17,10.71
2021,6,18,10.42
2021,6,19,10.21
2021,6,20,8.62
2021,6,21,5.95
2021,6,22,3.73
2021,6,23,6.76
2021,6,24,6.09
2021,6,25,3.82
2021,6,26,8.63
2021,6,27,9.6
2021,6,28,11.44
2021,6,29,11.49
2021,6,30,10.62
2021,7,1,10.23
2021,7,2,9.38
2021,7,3,7.57
2021,7,4,5.23
2021,7,5,3.03
2021,7,6,4.98
2021,7,7,6.33
2021,7,8,6.87
2021,7,9,7.27
2021,7,10,5.66
2021,7,11,4.9
2021,7,12,5.68
2021,7,13,5.07
2021,7,14,3.15
2021,7,15,5.0
2021,7,16,3.13
2021,7,17,5.4
2021,7,18,6.93
2021,7,19,7.77
2021,7,20,8.66
2021,7,21,12.27
2021,7,22,13.84
2021,7,23,13.1
2021,7,24,8.45
2021,7,25,9.23
2021,7,26,8.3
2021,7,27,7.97
2021,7,28,8.19
2021,7,29,9.04
2021,7,30,8.79
2021,7,31,9.94
2021,8,1,9.25
2021,8,2,4.76
2021,8,3,3.59
2021,8,4,5.0
2021,8,5,8.27
2021,8,6,12.32
2021,8,7,9.09
2021,8,8,6.5
2021,8,9,6.2
2021,8,10,7.05
2021,8,11,6.27
2021,8,12,8.51
2021,8,13,8.56
2021,8,14,8.78
2021,8,15,8.72
2021,8,16,6.33
2021,8,17,6.22
2021,8,18,2.11
2021,8,19,2.39
2021,8,20,5.05
2021,8,21,5.77
2021,8,22,5.53
2021,8,23,8.96
2021,8,24,8.75
2021,8,25,6.76
2021,8,26,2.91
2021,8,27,3.2
2021,8,28,4.43
2021,8,29,3.59
2021,8,30,5.2
2021,8,31,3.73
2021,9,1,3.76
2021,9,2,2.78
2021,9,3,3.34
2021,9,4,2.97
2021,9,5,7.64
2021,9,6,2.79
2021,9,7,3.73
2021,9,8,4.55
2021,9,9,7.83
2021,9,10,6.86
2021,9,11,14.64
2021,9,12,13.4
2021,9,13,8.25
2021,9,14,5.65
2021,9,15,2.88
2021,9,16,3.41
2021,9,17,4.74
2021,9,18,6.62
2021,9,19,3.89
2021,9,20,4.18
2021,9,21,5.05
2021,9,22,2.16
2021,9,23,7.27
2021,9,24,10.42
2021,9,25,12.88
2021,9,26,10.98
2021,9,27,9.61
2021,9,28,9.58
2021,9,29,5.68
2021,9,30,4.08
2021,10,1,3.34
2021,10,2,8.57
2021,10,3,10.55
2021,10,4,12.22
2021,10,5,15.11
2021,10,6,14.59
2021,10,7,9.78
2021,10,8,6.83
2021,10,9,12.4
2021,10,10,14.97
2021,10,11,21.32
2021,10,12,22.57
2021,10,13,10.44
2021,10,14,9.95
2021,10,15,13.31
2021,10,16,15.47
2021,10,17,18.13
2021,10,18,11.86
2021,10,19,9.33
2021,10,20,7.74
2021,10,21,9.86
2021,10,22,14.98
2021,10,23,14.93
2021,10,24,13.43
2021,10,25,14.3
2021,10,26,12.58
2021,10,27,11.91
2021,10,28,12.3
2021,10,29,11.09
2021,10,30,10.36
2021,10,31,12.71
2021,11,1,13.62
2021,11,2,12.42
2021,11,3,11.34
2021,11,4,7.52
2021,11,5,3.13
2021,11,6,5.3
2021,11,7,10.21
2021,11,8,14.1
2021,11,9,12.07
2021,11,10,7.91
2021,11,11,9.61
2021,11,12,12.19
2021,11,13,11.42
2021,11,14,12.8
2021,11,15,13.09
2021,11,16,11.9
2021,11,17,12.74
2021,11,18,10.77
2021,11,19,11.98
2021,11,20,12.41
2021,11,21,7.38
2021,11,22,14.77
2021,11,23,13.83
2021,11,24,12.42
2021,11,25,11.85
2021,11,26,15.49
2021,11,27,17.55
2021,11,28,14.05
2021,11,29,11.49
2021,11,30,12.13
2021,12,1,16.32
2021,12,2,11.38
2021,12,3,11.35
2021,12,4,13.48
2021,12,5,12.52
2021,12,6,15.81
2021,12,7,16.88
2021,12,8,14.57
2021,12,9,12.17
2021,12,10,13.54
2021,12,11,13.15
2021,12,12,14.41
2021,12,13,15.92
2021,12,14,11.75
2021,12,15,9.79
2021,12,16,5.9
2021,12,17,16.65
2021,12,18,16.14
2021,12,19,14.24
2021,12,20,9.57
2021,12,21,12.2
2021,12,22,14.33
2021,12,23,12.03
2021,12,24,7.33
2021,12,25,18.3
2021,12,26,18.88
2021,12,27,15.65
2021,12,28,11.25
2021,12,29,8.5
2021,12,30,13.44
2021,12,31,13.45
2022,1,1,10.48
2022,1,2,11.69
2022,1,3,11.03
2022,1,4,11.95
2022,1,5,7.96
2022,1,6,15.84
2022,1,7,14.19
2022,1,8,13.41
2022,1,9,10.82
2022,1,10,11.25
2022,1,11,14.54
2022,1,12,11.34
2022,1,13,10.51
2022,1,14,10.17
2022,1,15,6.66
2022,1,16,12.2
2022,1,17,13.87
2022,1,18,14.78
2022,1,19,14.11
2022,1,20,14.74
2022,1,21,14.74
2022,1,22,11.68
2022,1,23,6.71
2022,1,24,11.82
2022,1,25,12.45
2022,1,26,11.43
2022,1,27,10.75
2022,1,28,15.16
2022,1,29,15.15
2022,1,30,14.1
2022,1,31,14.82
2022,2,1,13.78
2022,2,2,14.06
2022,2,3,13.97
2022,2,4,14.99
2022,2,5,14.4
2022,2,6,14.28
2022,2,7,7.8
2022,2,8,13.88
2022,2,9,10.84
2022,2,10,11.91
2022,2,11,11.09
2022,2,12,11.86
2022,2,13,12.64
2022,2,14,14.48
2022,2,15,13.86
2022,2,16,13.3
2022,2,17,13.71
2022,2,18,14.54
2022,2,19,16.75
2022,2,20,18.91
2022,2,21,16.08
2022,2,22,16.25
2022,2,23,16.56
2022,2,24,16.37
2022,2,25,12.45
2022,2,26,7.83
2022,2,27,10.7
2022,2,28,6.3
2022,3,1,4.73
2022,3,2,11.98
2022,3,3,9.73
2022,3,4,3.98
2022,3,5,12.5
2022,3,6,13.34
2022,3,7,10.8
2022,3,8,12.66
2022,3,9,9.17
2022,3,10,4.28
2022,3,11,4.02
2022,3,12,6.03
2022,3,13,2.88
2022,3,14,1.69
2022,3,15,9.09
2022,3,16,7.68
2022,3,17,3.56
2022,3,18,9.08
2022,3,19,8.6
2022,3,20,8.73
2022,3,21,6.01
2022,3,22,10.01
2022,3,23,12.4
2022,3,24,9.9
2022,3,25,6.32
2022,3,26,10.44
2022,3,27,14.28
2022,3,28,14.54
2022,3,29,12.37
2022,3,30,8.3
2022,3,31,12.92
2022,4,1,18.26
2022,4,2,15.69
2022,4,3,15.48
2022,4,4,14.05
2022,4,5,8.59
2022,4,6,9.82
2022,4,7,11.73
2022,4,8,13.4
2022,4,9,9.51
2022,4,10,5.45
2022,4,11,5.51
2022,4,12,2.66
2022,4,13,3.4
2022,4,14,10.36
2022,4,15,14.8
2022,4,16,14.45
2022,4,17,11.2
2022,4,18,8.84
2022,4,19,10.88
2022,4,20,8.48
2022,4,21,1.9
2022,4,22,1.69
2022,4,23,3.81
2022,4,24,2.44
2022,4,25,6.82
2022,4,26,9.51
2022,4,27,7.14
2022,4,28,5.51
2022,4,29,8.63
2022,4,30,12.65
2022,5,1,13.56
2022,5,2,12.73
2022,5,3,14.4
2022,5,4,12.43
2022,5,5,11.25
2022,5,6,9.05
2022,5,7,8.17
2022,5,8,9.86
2022,5,9,9.02
2022,5,10,5.08
2022,5,11,1.7
2022,5,12,5.36
2022,5,13,9.71
2022,5,14,11.26
2022,5,15,14.22
2022,5,16,14.5
2022,5,17,12.4
2022,5,18,13.27
2022,5,19,10.91
2022,5,20,8.0
2022,5,21,9.74
2022,5,22,8.28
2022,5,23,6.61
2022,5,24,5.19
2022,5,25,4.84
2022,5,26,3.32
2022,5,27,5.36
2022,5,28,6.58
2022,5,29,9.35
2022,5,30,8.06
2022,5,31,4.12
2022,6,1,9.27
2022,6,2,8.59
2022,6,3,8.59
2022,6,4,10.1
2022,6,5,11.64
2022,6,6,9.14
2022,6,7,3.2
2022,6,8,3.02
2022,6,9,2.74
2022,6,10,10.4
2022,6,11,6.79
2022,6,12,2.12
2022,6,13,11.06
2022,6,14,8.91
2022,6,15,7.37
2022,6,16,5.96
2022,6,17,8.72
2022,6,18,9.23
2022,6,19,9.33
2022,6,20,10.3
2022,6,21,7.62
2022,6,22,5.16
2022,6,23,8.25
2022,6,24,7.53
2022,6,25,6.05
2022,6,26,5.74
2022,6,27,5.07
2022,6,28,5.43
2022,6,29,2.08
2022,6,30,3.46
2022,7,1,4.0
2022,7,2,2.5
2022,7,3,5.77
2022,7,4,9.51
2022,7,5,10.12
2022,7,6,10.01
2022,7,7,5.35
2022,7,8,4.71
2022,7,9,5.9
2022,7,10,6.93
2022,7,11,7.6
2022,7,12,5.18
2022,7,13,2.26
2022,7,14,3.0
2022,7,15,10.07
2022,7,16,10.76
2022,7,17,11.65
2022,7,18,11.29
2022,7,19,8.25
2022,7,20,8.29
2022,7,21,8.09
2022,7,22,7.13
2022,7,23,7.93
2022,7,24,5.75
2022,7,25,2.62
2022,7,26,4.61
2022,7,27,3.67
2022,7,28,1.5
2022,7,29,4.24
2022,7,30,5.35
2022,7,31,3.62
2022,8,1,6.58
2022,8,2,4.66
2022,8,3,2.48
2022,8,4,2.07
2022,8,5,3.1
2022,8,6,3.08
2022,8,7,2.21
2022,8,8,2.12
2022,8,9,2.95
2022,8,10,2.64
2022,8,11,5.01
2022,8,12,6.54
2022,8,13,4.78
2022,8,14,2.94
2022,8,15,3.89
2022,8,16,5.2
2022,8,17,4.87
2022,8,18,2.29
2022,8,19,6.52
2022,8,20,7.18
2022,8,21,6.83
2022,8,22,4.25
2022,8,23,3.64
2022,8,24,3.82
2022,8,25,8.13
2022,8,26,8.06
2022,8,27,3.66
2022,8,28,7.67
2022,8,29,6.39
2022,8,30,6.88
2022,8,31,10.15
2022,9,1,13.5
2022,9,2,15.56
2022,9,3,14.07
2022,9,4,9.12
2022,9,5,6.42
2022,9,6,8.36
2022,9,7,10.06
2022,9,8,12.34
2022,9,9,11.12
2022,9,10,10.74
2022,9,11,11.27
2022,9,12,11.82
2022,9,13,6.89
2022,9,14,4.52
2022,9,15,2.98
2022,9,16,5.13
2022,9,17,3.92
2022,9,18,2.2
2022,9,19,4.96
2022,9,20,13.66
2022,9,21,12.72
2022,9,22,9.99
2022,9,23,12.72
2022,9,24,15.86
2022,9,25,15.0
2022,9,26,15.42
2022,9,27,12.0
2022,9,28,9.85
2022,9,29,7.1
2022,9,30,5.54
2022,10,1,5.15
2022,10,2,5.25
2022,10,3,7.18
2022,10,4,8.41
2022,10,5,15.65
2022,10,6,13.16
2022,10,7,13.28
2022,10,8,14.1
2022,10,9,11.95
2022,10,10,16.33
2022,10,11,17.55
2022,10,12,17.32
2022,10,13,16.55
2022,10,14,15.14
2022,10,15,18.58
2022,10,16,20.02
2022,10,17,22.27
2022,10,18,20.5
2022,10,19,19.08
2022,10,20,15.95
2022,10,21,14.36
2022,10,22,14.15
2022,10,23,15.23
2022,10,24,17.17
2022,10,25,16.23
2022,10,26,12.94
2022,10,27,12.32
2022,10,28,16.57
2022,10,29,18.01
2022,10,30,19.58
2022,10,31,20.41
2022,11,1,20.33
2022,11,2,18.56
2022,11,3,12.15
2022,11,4,15.14
2022,11,5,15.71
2022,11,6,13.79
2022,11,7,13.52
2022,11,8,14.16
2022,11,9,13.04
2022,11,10,10.88
2022,11,11,9.13
2022,11,12,6.93
2022,11,13,9.36
2022,11,14,13.06
2022,11,15,10.47
2022,11,16,12.12
2022,11,17,6.75
2022,11,18,11.35
2022,11,19,9.58
2022,11,20,11.28
2022,11,21,12.3
2022,11,22,7.31
2022,11,23,11.26
2022,11,24,11.87
2022,11,25,7.96
2022,11,26,6.1
2022,11,27,4.03
2022,11,28,1.53
2022,11,29,5.55
2022,11,30,17.54
2022,12,1,17.31
2022,12,2,15.34
2022,12,3,13.08
2022,12,4,14.83
2022,12,5,16.22
2022,12,6,16.44
2022,12,7,13.84
2022,12,8,13.27
2022,12,9,13.72
2022,12,10,15.35
2022,12,11,18.62
2022,12,12,15.89
2022,12,13,16.31
2022,12,14,16.93
2022,12,15,14.07
2022,12,16,15.19
2022,12,17,17.61
2022,12,18,15.66
2022,12,19,13.85
2022,12,20,12.36
2022,12,21,9.14
2022,12,22,8.91
2022,12,23,12.77
2022,12,24,11.34
2022,12,25,13.46
2022,12,26,12.25
2022,12,27,14.18
2022,12,28,14.99
2022,12,29,16.55
2022,12,30,16.94
2022,12,31,17.83
2023,1,1,15.78
2023,1,2,14.73
2023,1,3,16.79
2023,1,4,15.07
2023,1,5,13.29
2023,1,6,10.88
2023,1,7,13.23
2023,1,8,10.7
2023,1,9,10.47
2023,1,10,15.14
2023,1,11,12.81
2023,1,12,4.4
2023,1,13,3.68
2023,1,14,5.78
2023,1,15,16.81
2023,1,16,15.26
2023,1,17,11.38
2023,1,18,12.84
2023,1,19,11.89
2023,1,20,15.45
2023,1,21,12.45
2023,1,22,7.66
2023,1,23,12.07
2023,1,24,18.26
2023,1,25,14.97
2023,1,26,7.58
2023,1,27,15.1
2023,1,28,14.36
2023,1,29,12.88
2023,1,30,12.41
2023,1,31,6.4
2023,2,1,3.3
2023,2,2,14.52
2023,2,3,12.47
2023,2,4,13.47
2023,2,5,12.44
2023,2,6,7.15
2023,2,7,10.68
2023,2,8,13.91
2023,2,9,7.83
2023,2,10,8.84
2023,2,11,7.77
2023,2,12,4.04
2023,2,13,9.59
2023,2,14,15.66
2023,2,15,16.1
2023,2,16,15.53
2023,2,17,9.2
2023,2,18,7.01
2023,2,19,13.83
2023,2,20,18.78
2023,2,21,19.57
2023,2,22,15.3
2023,2,23,14.09
2023,2,24,15.74
2023,2,25,19.3
2023,2,26,18.07
2023,2,27,14.46
2023,2,28,10.76
2023,3,1,8.39
2023,3,2,14.56
2023,3,3,11.94
2023,3,4,10.05
2023,3,5,11.21
2023,3,6,10.64
2023,3,7,6.97
2023,3,8,3.41
2023,3,9,6.29
2023,3,10,10.41
2023,3,11,5.79
2023,3,12,10.35
2023,3,13,15.97
2023,3,14,8.75
2023,3,15,5.8
2023,3,16,12.29
2023,3,17,5.37
2023,3,18,13.24
2023,3,19,10.56
2023,3,20,3.91
2023,3,21,5.53
2023,3,22,9.92
2023,3,23,8.84
2023,3,24,8.85
2023,3,25,11.88
2023,3,26,12.89
2023,3,27,14.67
2023,3,28,13.88
2023,3,29,11.63
2023,3,30,8.15
2023,3,31,9.74
2023,4,1,6.37
2023,4,2,9.41
2023,4,3,9.93
2023,4,4,2.74
2023,4,5,4.68
2023,4,6,3.92
2023,4,7,13.73
2023,4,8,16.27
2023,4,9,11.04
2023,4,10,3.92
2023,4,11,3.85
2023,4,12,10.53
2023,4,13,8.3
2023,4,14,4.84
2023,4,15,5.92
2023,4,16,4.77
2023,4,17,4.83
2023,4,18,3.53
2023,4,19,11.34
2023,4,20,7.99
2023,4,21,8.63
2023,4,22,10.0
2023,4,23,7.85
2023,4,24,10.03
2023,4,25,7.33
2023,4,26,12.5
2023,4,27,9.98
2023,4,28,4.69
2023,4,29,3.9
2023,4,30,12.31
2023,5,1,12.8
2023,5,2,7.95
2023,5,3,3.59
2023,5,4,2.75
2023,5,5,9.31
2023,5,6,9.44
2023,5,7,9.94
2023,5,8,13.9
2023,5,9,12.59
2023,5,10,11.62
2023,5,11,8.98
2023,5,12,5.65
2023,5,13,4.76
2023,5,14,3.55
2023,5,15,1.6
2023,5,16,3.73
2023,5,17,3.09
2023,5,18,9.56
2023,5,19,6.29
2023,5,20,5.05
2023,5,21,6.51
2023,5,22,10.12
2023,5,23,12.48
2023,5,24,5.73
2023,5,25,5.37
2023,5,26,4.72
2023,5,27,5.91
2023,5,28,10.56
2023,5,29,13.53
2023,5,30,13.18
2023,5,31,13.28
2023,6,1,7.13
2023,6,2,5.35
2023,6,3,5.63
2023,6,4,6.77
2023,6,5,2.75
2023,6,6,6.93
2023,6,7,5.54
2023,6,8,6.78
2023,6,9,3.3
2023,6,10,1.88
2023,6,11,1.84
2023,6,12,5.03
2023,6,13,5.94
2023,6,14,6.19
2023,6,15,5.09
2023,6,16,4.22
2023,6,17,7.02
2023,6,18,8.04
2023,6,19,8.92
2023,6,20,9.7
2023,6,21,9.45
2023,6,22,7.27
2023,6,23,4.98
2023,6,24,4.08
2023,6,25,3.81
2023,6,26,3.61
2023,6,27,2.64
2023,6,28,2.46
2023,6,29,4.52
2023,6,30,9.65
2023,7,1,9.23
2023,7,2,10.23
2023,7,3,9.54
2023,7,4,10.69
2023,7,5,11.84
2023,7,6,10.54
2023,7,7,11.18
2023,7,8,9.86
2023,7,9,8.15
2023,7,10,6.91
2023,7,11,5.72
2023,7,12,4.53
2023,7,13,3.84
2023,7,14,1.7
2023,7,15,3.83
2023,7,16,2.63
2023,7,17,3.96
2023,7,18,2.18
2023,7,19,2.93
2023,7,20,5.7
2023,7,21,5.07
2023,7,22,5.91
2023,7,23,4.1
2023,7,24,3.23
2023,7,25,10.02
2023,7,26,17.63
2023,7,27,13.55
2023,7,28,13.23
2023,7,29,7.29
2023,7,30,4.6
2023,7,31,5.92
2023,8,1,7.26
2023,8,2,5.92
2023,8,3,6.99
2023,8,4,8.96
2023,8,5,10.84
2023,8,6,9.3
2023,8,7,9.35
2023,8,8,6.68
2023,8,9,8.2
2023,8,10,4.75
2023,8,11,3.27
2023,8,12,7.31
2023,8,13,9.05
2023,8,14,9.79
2023,8,15,8.93
2023,8,16,6.67
2023,8,17,6.53
2023,8,18,4.0
2023,8,19,3.32
2023,8,20,3.91
2023,8,21,5.45
2023,8,22,5.64
2023,8,23,5.02
2023,8,24,3.66
2023,8,25,3.76
2023,8,26,4.46
2023,8,27,1.98
2023,8,28,1.45
2023,8,29,5.4
2023,8,30,14.8
2023,8,31,16.88
2023,9,1,15.4
2023,9,2,14.71
2023,9,3,19.84
2023,9,4,19.85
2023,9,5,4.51
2023,9,6,6.77
2023,9,7,10.1
2023,9,8,7.02
2023,9,9,9.65
2023,9,10,5.93
2023,9,11,2.52
2023,9,12,1.86
2023,9,13,1.71
2023,9,14,2.8
2023,9,15,2.08
2023,9,16,2.13
2023,9,17,2.18
2023,9,18,3.43
2023,9,19,6.26
2023,9,20,2.58
2023,9,21,4.41
2023,9,22,11.07
2023,9,23,13.95
2023,9,24,9.93
2023,9,25,10.22
2023,9,26,10.7
2023,9,27,11.97
2023,9,28,11.98
2023,9,29,10.51
2023,9,30,9.8
2023,10,1,13.9
2023,10,2,13.82
2023,10,3,13.63
2023,10,4,18.13
2023,10,5,23.66
2023,10,6,14.82
2023,10,7,11.67
2023,10,8,13.24
2023,10,9,13.4
2023,10,10,15.06
2023,10,11,15.21
2023,10,12,13.62
2023,10,13,10.18
2023,10,14,9.14
2023,10,15,9.14
2023,10,16,12.56
2023,10,17,12.2
2023,10,18,7.77
2023,10,19,4.79
2023,10,20,9.84
2023,10,21,14.89
2023,10,22,12.9
2023,10,23,10.9
2023,10,24,8.28
2023,10,25,8.48
2023,10,26,8.49
2023,10,27,9.02
2023,10,28,12.51
2023,10,29,11.57
2023,10,30,11.2
2023,10,31,14.1
2023,11,1,10.75
2023,11,2,6.15
2023,11,3,5.24
2023,11,4,3.76
2023,11,5,3.58
2023,11,6,9.93
2023,11,7,14.85
2023,11,8,8.87
2023,11,9,6.89
2023,11,10,8.63
2023,11,11,15.28
2023,11,12,16.87
2023,11,13,16.88
2023,11,14,12.27
2023,11,15,13.41
2023,11,16,10.37
2023,11,17,11.5
2023,11,18,13.02
2023,11,19,10.18
2023,11,20,11.68
2023,11,21,10.35
2023,11,22,6.92
2023,11,23,8.03
2023,11,24,17.68
2023,11,25,15.75
2023,11,26,12.68
2023,11,27,10.29
2023,11,28,15.2
2023,11,29,8.27
2023,11,30,15.34
2023,12,1,16.84
2023,12,2,13.14
2023,12,3,11.9
2023,12,4,8.57
2023,12,5,8.88
2023,12,6,7.16
2023,12,7,11.37
2023,12,8,5.24
2023,12,9,3.7
2023,12,10,5.72
2023,12,11,2.93
2023,12,12,14.17
2023,12,13,12.78
2023,12,14,6.87
2023,12,15,2.72
2023,12,16,18.44
2023,12,17,17.72
2023,12,18,12.22
2023,12,19,12.39
2023,12,20,17.35
2023,12,21,19.83
2023,12,22,18.79
2023,12,23,14.77
2023,12,24,16.68
2023,12,25,15.81
2023,12,26,11.57
2023,12,27,9.88
2023,12,28,9.93
2023,12,29,12.52
2023,12,30,4.78
2023,12,31,11.7
2024,1,1,14.88
2024,1,2,9.55
2024,1,3,12.64
2024,1,4,12.37
2024,1,5,4.31
2024,1,6,7.41
2024,1,7,13.77
2024,1,8,11.39
2024,1,9,8.06
2024,1,10,13.28
2024,1,11,10.77
2024,1,12,7.34
2024,1,13,11.62
2024,1,14,8.28
2024,1,15,13.96
2024,1,16,14.21
2024,1,17,8.22
2024,1,18,6.39
2024,1,19,10.29
2024,1,20,10.46
2024,1,21,16.61
2024,1,22,18.18
2024,1,23,16.61
2024,1,24,14.0
2024,1,25,11.37
2024,1,26,10.71
2024,1,27,10.58
2024,1,28,13.95
2024,1,29,11.62
2024,1,30,6.02
2024,1,31,4.19
2024,2,1,4.16
2024,2,2,11.69
2024,2,3,10.35
2024,2,4,10.27
2024,2,5,11.62
2024,2,6,12.88
2024,2,7,13.21
2024,2,8,13.82
2024,2,9,12.44
2024,2,10,11.36
2024,2,11,9.84
2024,2,12,9.35
2024,2,13,3.86
2024,2,14,1.69
2024,2,15,4.72
2024,2,16,13.22
2024,2,17,5.25
2024,2,18,2.93
2024,2,19,7.44
2024,2,20,5.21
2024,2,21,7.66
2024,2,22,11.2
2024,2,23,14.13
2024,2,24,12.37
2024,2,25,12.34
2024,2,26,12.25
2024,2,27,11.69
2024,2,28,8.77
2024,2,29,7.24
2024,3,1,15.6
2024,3,2,12.29
2024,3,3,8.78
2024,3,4,4.89
2024,3,5,9.7
2024,3,6,13.06
2024,3,7,13.06
2024,3,8,13.73
2024,3,9,13.43
2024,3,10,12.17
2024,3,11,4.92
2024,3,12,8.25
2024,3,13,11.47
2024,3,14,7.93
2024,3,15,7.55
2024,3,16,3.62
2024,3,17,5.09
2024,3,18,11.69
2024,3,19,11.3
2024,3,20,13.77
2024,3,21,6.89
2024,3,22,4.98
2024,3,23,7.95
2024,3,24,8.04
2024,3,25,9.18
2024,3,26,12.56
2024,3,27,8.08
2024,3,28,6.88
2024,3,29,6.1
2024,3,30,4.53
2024,3,31,9.6
2024,4,1,6.55
2024,4,2,6.23
2024,4,3,10.29
2024,4,4,7.56
2024,4,5,10.23
2024,4,6,8.5
2024,4,7,7.87
2024,4,8,5.36
2024,4,9,15.06
2024,4,10,11.91
2024,4,11,6.45
2024,4,12,4.06
2024,4,13,3.08
2024,4,14,4.5
2024,4,15,6.9
2024,4,16,4.26
2024,4,17,6.46
2024,4,18,9.24
2024,4,19,4.53
2024,4,20,7.11
2024,4,21,5.69
2024,4,22,5.71
2024,4,23,6.14
2024,4,24,8.84
2024,4,25,4.61
2024,4,26,4.77
2024,4,27,5.26
2024,4,28,7.61
2024,4,29,9.15
2024,4,30,10.2
2024,5,1,9.12
2024,5,2,10.55
2024,5,3,10.22
2024,5,4,7.38
2024,5,5,3.61
2024,5,6,5.14
2024,5,7,10.05
2024,5,8,11.94
2024,5,9,13.22
2024,5,10,5.47
2024,5,11,3.14
2024,5,12,7.43
2024,5,13,14.06
2024,5,14,10.85
2024,5,15,8.11
2024,5,16,13.59
2024,5,17,6.24
2024,5,18,7.17
2024,5,19,10.32
2024,5,20,7.38
2024,5,21,6.38
2024,5,22,7.3
2024,5,23,4.91
2024,5,24,1.83
2024,5,25,1.64
2024,5,26,3.04
2024,5,27,8.54
2024,5,28,12.52
2024,5,29,12.28
2024,5,30,4.24
2024,5,31,7.16
2024,6,1,5.84
2024,6,2,7.04
2024,6,3,10.75
2024,6,4,9.78
2024,6,5,4.48
2024,6,6,5.26
2024,6,7,6.83
2024,6,8,3.59
2024,6,9,3.99
2024,6,10,9.22
2024,6,11,10.56
2024,6,12,11.58
2024,6,13,10.51
2024,6,14,11.64
2024,6,15,10.12
2024,6,16,10.05
2024,6,17,10.2
2024,6,18,5.1
2024,6,19,7.23
2024,6,20,6.62
2024,6,21,6.62
2024,6,22,9.24
2024,6,23,8.43
2024,6,24,7.87
2024,6,25,4.79
2024,6,26,1.86
2024,6,27,2.59
2024,6,28,6.11
2024,6,29,10.51
2024,6,30,11.5
2024,7,1,9.87
2024,7,2,9.47
2024,7,3,5.48
2024,7,4,6.08
2024,7,5,4.82
2024,7,6,6.0
2024,7,7,6.64
2024,7,8,6.88
2024,7,9,7.13
2024,7,10,7.13
2024,7,11,8.83
2024,7,12,8.63
2024,7,13,7.66
2024,7,14,3.44
2024,7,15,2.34
2024,7,16,3.42
2024,7,17,3.62
2024,7,18,5.91
2024,7,19,6.35
2024,7,20,4.31
2024,7,21,3.75
2024,7,22,6.48
2024,7,23,11.44
2024,7,24,18.37
2024,7,25,26.88
2024,7,26,22.1
2024,7,27,12.39
2024,7,28,5.04
2024,7,29,6.84
2024,7,30,5.16
2024,7,31,6.93
2024,8,1,8.42
2024,8,2,7.84
2024,8,3,5.54
2024,8,4,3.31
2024,8,5,2.02
2024,8,6,1.58
2024,8,7,2.68
2024,8,8,4.82
2024,8,9,4.68
2024,8,10,5.68
2024,8,11,6.7
2024,8,12,7.22
2024,8,13,6.18
2024,8,14,4.96
2024,8,15,3.66
2024,8,16,2.19
2024,8,17,3.36
2024,8,18,6.53
2024,8,19,10.2
2024,8,20,13.03
2024,8,21,12.29
2024,8,22,8.51
2024,8,23,6.34
2024,8,24,2.4
2024,8,25,1.89
2024,8,26,3.19
2024,8,27,6.98
2024,8,28,5.08
2024,8,29,3.04
2024,8,30,2.29
2024,8,31,1.85
2024,9,1,2.01
2024,9,2,5.53
2024,9,3,8.66
2024,9,4,9.07
2024,9,5,11.0
2024,9,6,4.53
2024,9,7,2.53
2024,9,8,5.09
2024,9,9,10.6
2024,9,10,5.21
2024,9,11,3.8
2024,9,12,7.24
2024,9,13,10.99
2024,9,14,9.17
2024,9,15,6.12
2024,9,16,8.99
2024,9,17,14.61
2024,9,18,13.02
2024,9,19,4.17
2024,9,20,3.14
2024,9,21,3.55
2024,9,22,9.18
2024,9,23,6.24
2024,9,24,2.12
2024,9,25,3.23
2024,9,26,5.83
2024,9,27,6.94
2024,9,28,13.27
2024,9,29,15.45
2024,9,30,18.04
2024,10,1,18.23
2024,10,2,22.02
2024,10,3,21.64
2024,10,4,18.32
2024,10,5,10.68
2024,10,6,9.99
2024,10,7,12.46
2024,10,8,14.04
2024,10,9,12.64
2024,10,10,12.19
2024,10,11,13.76
2024,10,12,12.43
2024,10,13,10.14
2024,10,14,8.95
2024,10,15,9.32
2024,10,16,12.74
2024,10,17,10.55
2024,10,18,5.34
2024,10,19,11.89
2024,10,20,17.07
2024,10,21,13.93
2024,10,22,15.63
2024,10,23,20.17
2024,10,24,21.41
2024,10,25,19.09
2024,10,26,10.32
2024,10,27,10.41
2024,10,28,15.45
2024,10,29,16.35
2024,10,30,19.2
2024,10,31,27.46
2024,11,1,11.01
2024,11,2,13.38
2024,11,3,12.9
2024,11,4,13.57
2024,11,5,16.96
2024,11,6,18.12
2024,11,7,17.27
2024,11,8,16.28
2024,11,9,13.95
2024,11,10,12.55
2024,11,11,15.61
2024,11,12,15.4
2024,11,13,14.59
2024,11,14,7.94
2024,11,15,10.15
2024,11,16,11.91
2024,11,17,15.02
2024,11,18,18.65
2024,11,19,17.24
2024,11,20,15.56
2024,11,21,15.68
2024,11,22,15.22
2024,11,23,15.69
2024,11,24,14.24
2024,11,25,8.89
2024,11,26,12.55
2024,11,27,12.25
2024,11,28,9.34
2024,11,29,10.73
2024,11,30,7.63
2024,12,1,4.85
2024,12,2,8.51
2024,12,3,12.46
2024,12,4,13.87
2024,12,5,12.21
2024,12,6,13.54
2024,12,7,16.05
2024,12,8,16.99
2024,12,9,12.66
2024,12,10,11.21
2024,12,11,10.2
2024,12,12,14.57
2024,12,13,12.84
2024,12,14,14.36
2024,12,15,13.01
2024,12,16,11.54
2024,12,17,11.5
2024,12,18,14.59
2024,12,19,15.14
2024,12,20,12.1
2024,12,21,14.01
2024,12,22,16.68
2024,12,23,13.81
2024,12,24,15.29
2024,12,25,12.26
2024,12,26,14.47
2024,12,27,14.57
2024,12,28,15.85
2024,12,29,12.95
2024,12,30,6.57
2024,12,31,12.61
2025,1,1,11.56
2025,1,2,12.43
2025,1,3,16.74
2025,1,4,14.69
2025,1,5,7.82
2025,1,6,12.95
2025,1,7,12.63
2025,1,8,10.54
2025,1,9,15.1
2025,1,10,16.79
2025,1,11,13.1
2025,1,12,9.85
2025,1,13,11.75
2025,1,14,8.66
2025,1,15,15.94
2025,1,16,14.06
2025,1,17,13.49
2025,1,18,9.85
2025,1,19,8.29
2025,1,20,11.13
2025,1,21,12.71
2025,1,22,6.43
2025,1,23,8.01
2025,1,24,10.76
2025,1,25,13.99
2025,1,26,14.08
2025,1,27,13.79
2025,1,28,12.15
2025,1,29,13.28
2025,1,30,9.6
2025,1,31,4.38
2025,2,1,7.34
2025,2,2,13.44
2025,2,3,15.51
2025,2,4,14.05
2025,2,5,10.32
2025,2,6,11.69
2025,2,7,15.39
2025,2,8,18.16
2025,2,9,15.39
2025,2,10,11.73
2025,2,11,9.92
2025,2,12,5.48
2025,2,13,16.27
2025,2,14,11.63
2025,2,15,6.09
2025,2,16,9.93
2025,2,17,14.07
2025,2,18,14.36
2025,2,19,12.81
2025,2,20,11.79
2025,2,21,15.15
2025,2,22,14.26
2025,2,23,15.75
2025,2,24,17.03
2025,2,25,9.23
2025,2,26,10.17
2025,2,27,3.95
2025,2,28,2.79
2025,3,1,1.8
2025,3,2,4.67
2025,3,3,6.98
2025,3,4,7.86
2025,3,5,14.29
2025,3,6,17.21
2025,3,7,15.27
2025,3,8,11.84
2025,3,9,12.08
2025,3,10,6.13
2025,3,11,3.72
2025,3,12,4.2
2025,3,13,6.99
2025,3,14,8.73
2025,3,15,8.05
2025,3,16,14.61
2025,3,17,13.11
2025,3,18,11.15
2025,3,19,12.54
2025,3,20,10.13
2025,3,21,6.18
2025,3,22,4.72
2025,3,23,3.7
2025,3,24,7.34
2025,3,25,8.34
2025,3,26,9.74
2025,3,27,10.94
2025,3,28,14.02
2025,3,29,17.16
2025,3,30,15.8
2025,3,31,13.79
2025,4,1,12.69
2025,4,2,11.84
2025,4,3,12.21
2025,4,4,9.95
2025,4,5,4.9
2025,4,6,9.88
2025,4,7,10.04
2025,4,8,5.38
2025,4,9,3.55
2025,4,10,3.64
2025,4,11,2.76
2025,4,12,12.12
2025,4,13,7.56
2025,4,14,7.64
2025,4,15,5.44
2025,4,16,3.92
2025,4,17,4.04
2025,4,18,6.3
2025,4,19,8.39
2025,4,20,6.54
2025,4,21,3.99
2025,4,22,10.62
2025,4,23,5.44
2025,4,24,3.55
2025,4,25,10.37
2025,4,26,11.39
2025,4,27,4.62
2025,4,28,5.4
2025,4,29,11.13
2025,4,30,3.86
2025,5,1,4.98
2025,5,2,6.25
2025,5,3,2.41
2025,5,4,10.99
2025,5,5,6.24
2025,5,6,6.49
2025,5,7,8.03
2025,5,8,3.3
2025,5,9,8.86
2025,5,10,7.52
2025,5,11,10.98
2025,5,12,9.85
2025,5,13,3.91
2025,5,14,2.46
2025,5,15,2.0
2025,5,16,4.0
2025,5,17,4.58
2025,5,18,3.24
2025,5,19,4.96
2025,5,20,6.87
2025,5,21,7.15
2025,5,22,5.77
2025,5,23,10.01
2025,5,24,8.24
2025,5,25,12.79
2025,5,26,10.38
2025,5,27,9.51
2025,5,28,6.84
2025,5,29,7.48
2025,5,30,10.11
2025,5,31,5.14
2025,6,1,3.34
2025,6,2,9.38
2025,6,3,8.95
2025,6,4,8.98
2025,6,5,7.92
2025,6,6,3.02
2025,6,7,5.71
2025,6,8,6.34
2025,6,9,4.11
2025,6,10,4.26
2025,6,11,6.38
2025,6,12,6.4
2025,6,13,9.16
2025,6,14,10.51
2025,6,15,11.03
2025,6,16,11.13
2025,6,17,7.8
2025,6,18,4.46
2025,6,19,1.56
2025,6,20,3.94
2025,6,21,8.03
2025,6,22,8.57
2025,6,23,8.25
2025,6,24,6.65
2025,6,25,4.97
2025,6,26,4.15
2025,6,27,4.66
2025,6,28,4.17
2025,6,29,2.35
2025,6,30,4.23
2025,7,1,4.15
2025,7,2,8.73
2025,7,3,9.13
2025,7,4,3.52
2025,7,5,2.34
2025,7,6,5.2
2025,7,7,12.01
2025,7,8,13.87
2025,7,9,10.8
2025,7,10,8.46
2025,7,11,5.04
2025,7,12,10.96
2025,7,13,9.47
2025,7,14,9.52
2025,7,15,10.5
2025,7,16,10.38
2025,7,17,5.43
2025,7,18,6.05
2025,7,19,10.92
2025,7,20,5.75
2025,7,21,3.56
2025,7,22,7.06
2025,7,23,13.04
2025,7,24,14.29
2025,7,25,7.67
2025,7,26,9.54
2025,7,27,13.47
2025,7,28,9.52
2025,7,29,3.34
2025,7,30,10.77
2025,7,31,12.16
2025,8,1,11.16
